"Status","Start Time","Stop Time","Duration in ms","Parent Suite","Suite","Sub Suite","Test Class","Test Method","Name","Description"
"passed","Sat Jan 09 16:30:16 CST 2021","Sat Jan 09 16:30:16 CST 2021","1","case","test_calculator","TestCaculator","","","test_add[1-2-3]",""
"passed","Sat Jan 09 16:30:16 CST 2021","Sat Jan 09 16:30:16 CST 2021","1","case","test_calculator","TestCaculator","","","test_add[-1--1--2]",""
"passed","Sat Jan 09 16:30:16 CST 2021","Sat Jan 09 16:30:16 CST 2021","1","case","test_calculator","TestCaculator","","","test_multipy[0-0-0]",""
"broken","Sat Jan 09 16:30:16 CST 2021","Sat Jan 09 16:30:16 CST 2021","0","case","test_calculator","TestCaculator","","","test_devide[--param cant null]",""
"failed","Sat Jan 09 16:30:16 CST 2021","Sat Jan 09 16:30:16 CST 2021","1","case","test_calculator","TestCaculator","","","test_add[--param cant null]",""
"failed","Sat Jan 09 16:30:16 CST 2021","Sat Jan 09 16:30:16 CST 2021","0","case","test_calculator","TestCaculator","","","test_multipy[-2--1--2]",""
"broken","Sat Jan 09 16:30:16 CST 2021","Sat Jan 09 16:30:16 CST 2021","0","case","test_calculator","TestCaculator","","","test_multipy[--param cant null]",""
"broken","Sat Jan 09 16:30:16 CST 2021","Sat Jan 09 16:30:16 CST 2021","0","case","test_calculator","TestCaculator","","","test_minus[--param cant null]",""
"passed","Sat Jan 09 16:30:16 CST 2021","Sat Jan 09 16:30:16 CST 2021","1","case","test_calculator","TestCaculator","","","test_add[0.222-0.222-0.444]",""
"passed","Sat Jan 09 16:30:16 CST 2021","Sat Jan 09 16:30:16 CST 2021","0","case","test_calculator","TestCaculator","","","test_devide[3-1-3]",""
"failed","Sat Jan 09 16:30:16 CST 2021","Sat Jan 09 16:30:16 CST 2021","0","case","test_calculator","TestCaculator","","","test_multipy[3-2-1]",""
"broken","Sat Jan 09 16:30:16 CST 2021","Sat Jan 09 16:30:16 CST 2021","0","case","test_calculator","TestCaculator","","","test_devide[None-None-param cant None]",""
"passed","Sat Jan 09 16:30:16 CST 2021","Sat Jan 09 16:30:16 CST 2021","0","case","test_calculator","TestCaculator","","","test_minus[0-0-0]",""
"broken","Sat Jan 09 16:30:16 CST 2021","Sat Jan 09 16:30:16 CST 2021","0","case","test_calculator","TestCaculator","","","test_devide[0-0-devide not 0]",""
"passed","Sat Jan 09 16:30:16 CST 2021","Sat Jan 09 16:30:16 CST 2021","0","case","test_calculator","TestCaculator","","","test_devide[0.5-0.5-1.0]",""
"passed","Sat Jan 09 16:30:16 CST 2021","Sat Jan 09 16:30:16 CST 2021","0","case","test_calculator","TestCaculator","","","test_multipy[0.5-0.5-0.25]",""
"passed","Sat Jan 09 16:30:16 CST 2021","Sat Jan 09 16:30:16 CST 2021","0","case","test_calculator","TestCaculator","","","test_minus[-2--1--1]",""
"broken","Sat Jan 09 16:30:16 CST 2021","Sat Jan 09 16:30:16 CST 2021","0","case","test_calculator","TestCaculator","","","test_minus[-1-param cant null]",""
"failed","Sat Jan 09 16:30:16 CST 2021","Sat Jan 09 16:30:16 CST 2021","0","case","test_calculator","TestCaculator","","","test_add[None-None-param cant None]",""
"passed","Sat Jan 09 16:30:16 CST 2021","Sat Jan 09 16:30:16 CST 2021","0","case","test_calculator","TestCaculator","","","test_minus[3-2-1]",""
"broken","Sat Jan 09 16:30:16 CST 2021","Sat Jan 09 16:30:16 CST 2021","0","case","test_calculator","TestCaculator","","","test_devide[-1-param cant null]",""
"broken","Sat Jan 09 16:30:16 CST 2021","Sat Jan 09 16:30:16 CST 2021","0","case","test_calculator","TestCaculator","","","test_add[-1-param cant null]",""
"failed","Sat Jan 09 16:30:16 CST 2021","Sat Jan 09 16:30:16 CST 2021","1","case","test_calculator","TestCaculator","","","test_multipy[-1-param cant null]",""
"passed","Sat Jan 09 16:30:16 CST 2021","Sat Jan 09 16:30:16 CST 2021","0","case","test_calculator","TestCaculator","","","test_minus[0.222-0.111-0.111]",""
"broken","Sat Jan 09 16:30:16 CST 2021","Sat Jan 09 16:30:16 CST 2021","0","case","test_calculator","TestCaculator","","","test_multipy[None-None-param cant None]",""
"passed","Sat Jan 09 16:30:16 CST 2021","Sat Jan 09 16:30:16 CST 2021","0","case","test_calculator","TestCaculator","","","test_add[0-0-0]",""
"broken","Sat Jan 09 16:30:16 CST 2021","Sat Jan 09 16:30:16 CST 2021","0","case","test_calculator","TestCaculator","","","test_minus[None-None-param cant None]",""
"passed","Sat Jan 09 16:30:16 CST 2021","Sat Jan 09 16:30:16 CST 2021","0","case","test_calculator","TestCaculator","","","test_devide[-1--1-1]",""
